{
  "ticker": "AAPL",
  "params": {
    "n_qubits": 6,
    "depth": 2,
    "window_size": 10,
    "n_reservoir": 140,
    "spectral_radius": 0.9,
    "ridge_alpha": 1.0,
    "seed": 42
  },
  "classic": {
    "RMSE": 4.178978,
    "MAE": 3.370157,
    "MAPE": 1.434671,
    "train_time": 0.0143,
    "n_params": 19322,
    "predictions": [
      213.8023889659199,
      215.103100422164,
      218.10823259221084,
      218.706079378919,
      221.33873001887068,
      223.33531456516474,
      223.3485559942539,
      223.98927099985195,
      223.76165229673293,
      222.17664317259982,
      224.01454118084482,
      224.22052132298822,
      224.87102911142304,
      223.56600260109136,
      226.1139185888938,
      225.5956897722716,
      220.3381418704693,
      218.81478294957284,
      219.95880555822964,
      218.39905749548802,
      218.41681815780524,
      217.76135347897758,
      219.74413582018826,
      219.63791544852646,
      219.43635271832161,
      214.73432504651967,
      214.9507869525222,
      218.14503709919734,
      224.95780241375516,
      224.8550239839222,
      223.4341461980407,
      224.1571763213893,
      223.0564802875685,
      224.20129168693964,
      224.95766349435488,
      229.37228536902697,
      223.6853318667211,
      223.518506402293,
      222.8606867491652,
      223.48309524552587,
      219.5132651757222,
      222.6675394801546,
      225.9099051696491,
      225.13128707108052,
      223.99691156060646,
      227.37430405407008,
      229.49628462097886,
      227.79760409922713,
      228.35784281857732,
      230.98320208135436,
      231.85799723068473,
      231.23302390842142,
      227.4044996777703,
      227.23776898158377,
      227.5356412640387,
      228.875542743345,
      229.41915976558434,
      226.55572223524638,
      222.95140796333877,
      220.19093231555988,
      219.27624731619116,
      220.5910905771138,
      219.9730148452562,
      223.7095396464642,
      223.40894333137308,
      221.06190294486993,
      221.4044989537198,
      222.258144372383,
      225.04300268241587,
      222.54863943733463,
      225.01978289071076,
      225.3525710487978,
      225.4715533306289,
      225.3774516271411,
      226.55857808403525,
      229.16354324750145,
      230.76362307059833,
      230.76741851421275,
      232.8739702287833,
      234.5856826701552,
      236.95477326630356,
      237.3898723454028,
      237.53060337491266,
      237.38831733636425,
      240.09103005269293,
      240.9084800769411,
      239.97441701890142,
      241.09422451269086,
      240.9990517988254,
      242.91730378853273,
      244.73394149977608,
      240.9604523563433,
      242.16702822101755,
      245.2595400818659,
      245.7756845848702,
      247.96978663597255,
      248.69021987088522,
      246.2762348576288,
      243.35987391033783
    ],
    "actual": [
      215.91146850585938,
      219.62364196777344,
      220.07029724121094,
      223.0479736328125,
      224.36805725097656,
      224.20925903320312,
      224.82463073730472,
      224.71546936035156,
      222.859375,
      225.15220642089844,
      225.48963928222656,
      226.33331298828125,
      224.8048095703125,
      228.0802459716797,
      227.29612731933594,
      221.1125030517578,
      219.20675659179688,
      220.7253875732422,
      219.177001953125,
      219.26632690429688,
      218.4722900390625,
      221.0032958984375,
      221.1125030517578,
      220.844482421875,
      214.71044921875,
      215.1769561767578,
      219.04794311523438,
      227.16708374023435,
      226.5020751953125,
      224.7849578857422,
      225.6782684326172,
      224.6856689453125,
      225.8271484375,
      226.0951385498047,
      231.266357421875,
      224.52691650390625,
      225.0926513671875,
      223.99090576171875,
      225.1124725341797,
      220.04052734375,
      224.09014892578125,
      227.83209228515625,
      227.33583068847656,
      225.85693359375,
      229.5790252685547,
      232.1100311279297,
      230.055419921875,
      230.42269897460938,
      233.25146484375,
      234.72047424316406,
      234.10508728027344,
      229.0430145263672,
      228.8544464111328,
      229.68821716308594,
      231.6633758544922,
      231.93138122558594,
      228.387939453125,
      224.22911071777344,
      221.25143432617188,
      220.3581085205078,
      221.7873992919922,
      221.06283569335938,
      225.7874298095703,
      225.51913452148438,
      222.80648803710935,
      222.80648803710935,
      223.69082641601562,
      226.77114868164062,
      223.5715789794922,
      226.57241821289062,
      226.83078002929688,
      227.5461883544922,
      227.06922912597656,
      228.41067504882812,
      231.3916015625,
      233.56771850585938,
      233.4385223388672,
      235.8233184814453,
      238.0689697265625,
      241.10952758789062,
      241.46723937988278,
      241.4970703125,
      241.29832458496094,
      245.1835174560547,
      246.19700622558594,
      244.92518615722656,
      246.3858184814453,
      246.5547637939453,
      249.4462432861328,
      251.87075805664062,
      246.4752655029297,
      248.20419311523438,
      252.87437438964844,
      253.6494140625,
      256.56085205078125,
      257.3755798339844,
      253.9673614501953,
      250.59890747070312,
      248.83021545410156
    ],
    "dates": [
      "403",
      "404",
      "405",
      "406",
      "407",
      "408",
      "409",
      "410",
      "411",
      "412",
      "413",
      "414",
      "415",
      "416",
      "417",
      "418",
      "419",
      "420",
      "421",
      "422",
      "423",
      "424",
      "425",
      "426",
      "427",
      "428",
      "429",
      "430",
      "431",
      "432",
      "433",
      "434",
      "435",
      "436",
      "437",
      "438",
      "439",
      "440",
      "441",
      "442",
      "443",
      "444",
      "445",
      "446",
      "447",
      "448",
      "449",
      "450",
      "451",
      "452",
      "453",
      "454",
      "455",
      "456",
      "457",
      "458",
      "459",
      "460",
      "461",
      "462",
      "463",
      "464",
      "465",
      "466",
      "467",
      "468",
      "469",
      "470",
      "471",
      "472",
      "473",
      "474",
      "475",
      "476",
      "477",
      "478",
      "479",
      "480",
      "481",
      "482",
      "483",
      "484",
      "485",
      "486",
      "487",
      "488",
      "489",
      "490",
      "491",
      "492",
      "493",
      "494",
      "495",
      "496",
      "497",
      "498",
      "499",
      "500",
      "501"
    ]
  },
  "quantum": {
    "RMSE": 9.882022,
    "MAE": 8.650068,
    "MAPE": 3.699015,
    "train_time": 0.1551,
    "n_params": 98,