{
  "ticker": "AAPL",
  "params": {
    "n_qubits": 4,
    "depth": 2,
    "window_size": 5,
    "n_reservoir": 100,
    "spectral_radius": 0.9,
    "ridge_alpha": 1.0,
    "seed": 42
  },
  "classic": {
    "RMSE": 4.742166,
    "MAE": 3.831056,
    "MAPE": 1.628487,
    "train_time": 0.0778,
    "n_params": 9702,
    "predictions": [
      210.87747290940254,
      213.77719421271874,
      215.31530503942693,
      218.4245382779818,
      219.09626152284508,
      221.43276134431432,
      222.71593779509996,
      222.6243091519961,
      223.04504526203348,
      222.9690266339922,
      221.48243094681982,
      223.07893421721033,
      223.59138164196438,
      224.24771601546135,
      223.16242471392022,
      225.4831711383348,
      225.21591108917852,
      220.2936590911649,
      218.19967154879853,
      219.1964766218376,
      218.21252251829074,
      218.22503958004063,
      217.64001433498768,
      219.54816549424353,
      219.92823892563985,
      219.7015672778885,
      214.80942843032375,
      214.48238826353463,
      217.65882617945223,
      224.54659113290276,
      224.81168708916795,
      223.2516216889181,
      223.71091696593734,
      222.93304669098774,
      223.72181196009313,
      224.0908079191122,
      228.059388318138,
      223.37034553358396,
      223.02622955318145,
      222.32634762834294,
      222.99728926119246,
      219.3290759236196,
      221.93876581221596,
      225.3627534846388,
      225.2678044922729,
      224.07285431909114,
      226.7216546791633,
      228.96722643260762,
      227.55847994799538,
      227.59814120831214,
      229.73450735923856,
      231.0360538071706,
      230.66760002358077,
      226.753764047383,
      226.07291270088976,
      226.7728236998687,
      228.39587404185272,
      228.89192237391103,
      226.18185159025234,
      222.6438473151678,
      219.95173875796178,
      219.0058064866074,
      220.1623097261594,
      219.8562561167363,
      223.5248156260992,
      223.79414880323276,
      221.55830205941396,
      221.28202506696863,
      221.93324171626784,
      224.43808788904872,
      222.28861660883638,
      224.24256643955212,
      224.76331321466785,
      225.23832180388314,
      224.98329622906817,
      225.89513125136037,
      228.30342190766046,
      230.17991546737812,
      230.19329926559223,
      231.86204855161793,
      233.66288847013482,
      235.95011667552126,
      236.36211113065855,
      236.22034543218766,
      235.98972017809476,
      238.67202139761847,
      239.70293974605534,
      238.70000606219963,
      239.5792390798213,
      239.7419839358475,
      241.69063310214574,
      243.6305379249124,
      239.8476632949075,
      240.49835165125964,
      244.0296670567366,
      244.75965904820004,
      246.74232155491825,
      247.3594425204308,
      244.76832236142192,
      242.1448597212988
    ],
    "actual": [
      214.3829040527344,
      215.91146850585938,
      219.62364196777344,
      220.07029724121094,
      223.0479736328125,
      224.36805725097656,
      224.20925903320312,
      224.82463073730472,
      224.71546936035156,
      222.859375,
      225.15220642089844,
      225.48963928222656,
      226.33331298828125,
      224.8048095703125,
      228.0802459716797,
      227.29612731933594,
      221.1125030517578,
      219.20675659179688,
      220.7253875732422,
      219.177001953125,
      219.26632690429688,
      218.4722900390625,
      221.0032958984375,
      221.1125030517578,
      220.844482421875,
      214.71044921875,
      215.1769561767578,
      219.04794311523438,
      227.16708374023435,
      226.5020751953125,
      224.7849578857422,
      225.6782684326172,
      224.6856689453125,
      225.8271484375,
      226.0951385498047,
      231.266357421875,
      224.52691650390625,
      225.0926513671875,
      223.99090576171875,
      225.1124725341797,
      220.04052734375,
      224.09014892578125,
      227.83209228515625,
      227.33583068847656,
      225.85693359375,
      229.5790252685547,
      232.1100311279297,
      230.055419921875,
      230.42269897460938,
      233.25146484375,
      234.72047424316406,
      234.10508728027344,
      229.0430145263672,
      228.8544464111328,
      229.68821716308594,
      231.6633758544922,
      231.93138122558594,
      228.387939453125,
      224.22911071777344,
      221.25143432617188,
      220.3581085205078,
      221.7873992919922,
      221.06283569335938,
      225.7874298095703,
      225.51913452148438,
      222.80648803710935,
      222.80648803710935,
      223.69082641601562,
      226.77114868164062,
      223.5715789794922,
      226.57241821289062,
      226.83078002929688,
      227.5461883544922,
      227.06922912597656,
      228.41067504882812,
      231.3916015625,
      233.56771850585938,
      233.4385223388672,
      235.8233184814453,
      238.0689697265625,
      241.10952758789062,
      241.46723937988278,
      241.4970703125,
      241.29832458496094,
      245.1835174560547,
      246.19700622558594,
      244.92518615722656,
      246.3858184814453,
      246.5547637939453,
      249.4462432861328,
      251.87075805664062,
      246.4752655029297,
      248.20419311523438,
      252.87437438964844,
      253.6494140625,
      256.56085205078125,
      257.3755798339844,
      253.9673614501953,
      250.59890747070312,
      248.83021545410156
    ],
    "dates": [
      "402",
      "403",
      "404",
      "405",
      "406",
      "407",
      "408",
      "409",
      "410",
      "411",
      "412",
      "413",
      "414",
      "415",
      "416",
      "417",
      "418",
      "419",
      "420",
      "421",
      "422",
      "423",
      "424",
      "425",
      "426",
      "427",
      "428",
      "429",
      "430",
      "431",
      "432",
      "433",
      "434",
      "435",
      "436",
      "437",
      "438",
      "439",
      "440",
      "441",
      "442",
      "443",
      "444",
      "445",
      "446",
      "447",
      "448",
      "449",
      "450",
      "451",
      "452",
      "453",
      "454",
      "455",
      "456",
      "457",
      "458",
      "459",
      "460",
      "461",
      "462",
      "463",
      "464",
      "465",
      "466",
      "467",
      "468",
      "469",
      "470",
      "471",
      "472",
      "473",
      "474",
      "475",
      "476",
      "477",
      "478",
      "479",
      "480",
      "481",
      "482",
      "483",
      "484",
      "485",
      "486",
      "487",
      "488",
      "489",
      "490",
      "491",
      "492",
      "493",
      "494",
      "495",
      "496",
      "497",
      "498",
      "499",
      "500",
      "501"
    ]
  },
  "quantum": {
    "RMSE": 5.990078,
    "MAE": 5.264386,
    "MAPE": 2.266205,
    "train_time": 0.198,
    "n_params": 46,