{
  "ticker": "CVX",
  "params": {
    "n_qubits": 6,
    "depth": 3,
    "window_size": 10,
    "n_reservoir": 130,
    "spectral_radius": 0.9,
    "ridge_alpha": 1.0,
    "seed": 42
  },
  "classic": {
    "RMSE": 1.675496,
    "MAE": 1.282592,
    "MAPE": 0.920607,
    "train_time": 0.0187,
    "n_params": 16772,
    "predictions": [
      133.2222142535653,
      132.96715590358892,
      131.80102382700605,
      132.53084124234007,
      134.74516078914357,
      135.24627618559057,
      136.44439931212528,
      134.5695153142388,
      135.27811470806108,
      135.70373917082802,
      137.25611847738176,
      138.14396964001568,
      136.52908999721737,
      135.76416479462924,
      137.2748548579725,
      137.43969864327934,
      134.4192321112731,
      131.91638078674032,
      131.1429376799614,
      129.23741935255447,
      130.77276852674822,
      128.39026319380065,
      128.4170382006065,
      129.44577411852924,
      130.33461882638386,
      131.80653653988443,
      132.9427405525505,
      133.3609398962313,
      134.93562492338148,
      135.21655962083292,
      137.22934948443955,
      137.29986237570304,
      134.087908289802,
      132.45386927152478,
      135.75841500574518,
      137.0393022471226,
      139.16862031379344,
      140.1025197875506,
      140.43556225930726,
      139.86232824917863,
      139.98611802003825,
      137.97740056368403,
      139.4023566290798,
      140.0458664972064,
      140.77775644204914,
      141.11893199072227,
      137.00188098725582,
      138.36248482360406,
      140.64458859390845,
      139.79628237097128,
      140.25164341619737,
      140.15008655426234,
      139.9219290058096,
      139.83830537053305,
      139.80160007832833,
      139.89246237779113,
      138.06261221079134,
      137.54343558415576,
      138.3519043990153,
      142.3652064295415,
      142.87453082250073,
      142.3902459606333,
      146.51283364562784,
      144.91266927301896,
      145.03198577462092,
      144.81770148497898,
      143.8456831576426,
      147.39470912171151,
      149.7406697296705,
      149.3809286770438,
      150.4844886069615,
      148.9608144967365,
      150.31030615324653,
      150.30730701056098,
      151.31478627791074,
      149.89238597507622,
      151.85492940646907,
      151.06239034210267,
      151.10116829614745,
      151.3483099566802,
      151.27204505607187,
      148.12434301411926,
      149.0244423118549,
      145.45503856371593,
      147.27171640085012,
      146.9150595875823,
      146.57285794911297,
      145.2282390395868,
      144.3163430327992,
      140.2945412689184,
      139.10369744912285,
      135.17372070613368,
      132.68673751043684,
      134.24282886536616,
      134.20616528110827,
      135.06701536239942,
      134.75017536549336,
      134.72312774221325,
      134.15524278301797
    ],
    "actual": [
      133.14329528808594,
      132.3445281982422,
      132.8219451904297,
      134.7775115966797,
      135.2090301513672,
      136.31378173828125,
      134.32704162597656,
      134.9119415283203,
      135.2925567626953,
      137.0471954345703,
      137.86415100097656,
      136.42518615722656,
      135.54324340820312,
      136.86154174804688,
      137.35354614257812,
      134.29920959472656,
      131.89468383789062,
      130.83633422851562,
      128.63607788085938,
      130.25148010253906,
      128.32972717285156,
      128.0048065185547,
      129.2395477294922,
      130.5392608642578,
      131.9132843017578,
      133.13873291015625,
      133.6493377685547,
      134.6055908203125,
      135.2461395263672,
      136.97293090820312,
      136.8893585205078,
      133.65863037109375,
      131.8204345703125,
      135.06976318359375,
      136.7222900390625,
      138.97824096679688,
      140.13870239257812,
      140.41722106933594,
      139.94374084472656,
      140.2965087890625,
      138.09625244140625,
      138.93179321289062,
      139.8323211669922,
      140.5750274658203,
      140.9092559814453,
      137.14930725097656,
      138.07769775390625,
      140.3708038330078,
      139.95303344726562,
      140.07371520996094,
      140.11087036132812,
      139.7023468017578,
      139.6745147705078,
      140.00872802734375,
      139.75804138183594,
      137.8827362060547,
      137.4464111328125,
      138.16128540039062,
      142.1068572998047,
      142.94239807128906,
      142.42251586914062,
      146.42384338378906,
      145.5418701171875,
      145.69039916992188,
      145.29119873046875,
      144.1678466796875,
      147.35220336914062,
      150.2115936279297,
      149.8588104248047,
      150.76853942871097,
      149.6806182861328,
      151.30310058593753,
      151.58445739746094,
      152.26910400390625,
      150.3933868408203,
      152.4285430908203,
      152.03463745117188,
      151.8657989501953,
      152.12840270996094,
      151.85643005371094,
      148.4801788330078,
      149.4274139404297,
      145.59161376953125,
      147.31724548339844,
      147.24223327636716,
      146.5013427734375,
      145.09457397460938,
      144.30674743652344,
      140.07705688476562,
      138.90475463867188,
      135.12521362304688,
      132.3773193359375,
      133.97166442871094,
      134.08421325683594,
      134.90011596679688,
      135.0314483642578,
      135.05018615722656,
      134.17799377441406,
      135.83798217773438
    ],
    "dates": [
      "403",
      "404",
      "405",
      "406",
      "407",
      "408",
      "409",
      "410",
      "411",
      "412",
      "413",
      "414",
      "415",
      "416",
      "417",
      "418",
      "419",
      "420",
      "421",
      "422",
      "423",
      "424",
      "425",
      "426",
      "427",
      "428",
      "429",
      "430",
      "431",
      "432",
      "433",
      "434",
      "435",
      "436",
      "437",
      "438",
      "439",
      "440",
      "441",
      "442",
      "443",
      "444",
      "445",
      "446",
      "447",
      "448",
      "449",
      "450",
      "451",
      "452",
      "453",
      "454",
      "455",
      "456",
      "457",
      "458",
      "459",
      "460",
      "461",
      "462",
      "463",
      "464",
      "465",
      "466",
      "467",
      "468",
      "469",
      "470",
      "471",
      "472",
      "473",
      "474",
      "475",
      "476",
      "477",
      "478",
      "479",
      "480",
      "481",
      "482",
      "483",
      "484",
      "485",
      "486",
      "487",
      "488",
      "489",
      "490",
      "491",
      "492",
      "493",
      "494",
      "495",
      "496",
      "497",
      "498",
      "499",
      "500",
      "501"
    ]
  },
  "quantum": {
    "RMSE": 3.483747,
    "MAE": 2.802512,
    "MAPE": 2.01053,
    "train_time": 0.2101,
    "n_params": 110,