{
  "ticker": "CVX",
  "params": {
    "n_qubits": 6,
    "depth": 2,
    "window_size": 10,
    "n_reservoir": 140,
    "spectral_radius": 0.9,
    "ridge_alpha": 1.0,
    "seed": 42
  },
  "classic": {
    "RMSE": 1.677554,
    "MAE": 1.282384,
    "MAPE": 0.92111,
    "train_time": 0.0318,
    "n_params": 19322,
    "predictions": [
      133.67163825652332,
      133.36103732095128,
      131.5380510282359,
      132.50939532684217,
      134.74837965451124,
      135.3250475244893,
      136.39499561504638,
      134.58385183382535,
      135.3301958146763,
      135.74397083639852,
      137.33897151614954,
      138.04031830496913,
      136.59117729324285,
      135.76094342476247,
      137.3150751193328,
      137.51438537664947,
      134.4934009430923,
      132.02993219506823,
      131.25313335484864,
      129.36279008961662,
      130.74565855398828,
      128.52831357111052,
      128.6488694457063,
      129.56502186458982,
      130.30429600301375,
      131.74295682864314,
      132.8575804835849,
      133.31663889388608,
      134.9622104402947,
      135.2853293898345,
      137.23539349717748,
      137.23451654852624,
      134.1090489078466,
      132.51194676654674,
      135.73868481044695,
      136.99668745418774,
      139.0879215158648,
      139.94823433949384,
      140.2723181114941,
      139.80618536930967,
      140.18099239913886,
      138.09302759007517,
      139.35246233415614,
      139.97862144248103,
      140.76099334076474,
      141.10812096800169,
      137.07155072583413,
      138.2969711077298,
      140.66242306109754,
      139.89209031948454,
      140.23385899553878,
      140.19508544465648,
      139.84109162169946,
      139.87039080280474,
      139.90705948262917,
      139.87753004754362,
      138.10110389071414,
      137.5775999916968,
      138.36865711453564,
      142.33498280468578,
      142.88464043767308,
      142.35489178672893,
      146.3008616676315,
      144.89509832196913,
      145.2624979472896,
      144.95872216667655,
      143.8493175573109,
      147.3340944452617,
      149.72252856745408,
      149.27777412350125,
      150.3138748618849,
      148.90916486359725,
      150.43568619589723,
      150.53391658373775,
      151.37850891121474,
      149.88118118364602,
      151.88285794656417,
      151.21846558812743,
      151.13995210876283,
      151.52396381266206,
      151.34347452003823,
      148.1217912293734,
      149.0830944136344,
      145.52327902152055,
      147.2087460867002,
      147.0550622158081,
      146.59939191587466,
      145.17951730093446,
      144.38806098715395,
      140.05326586692763,
      138.97381988784187,
      135.09406281892606,
      132.59502066696317,
      134.31274222031695,
      134.37590612816962,
      135.22349326006196,
      134.96878101495773,
      134.66273768685687,
      134.17310050901722
    ],
    "actual": [
      133.14329528808594,
      132.3445281982422,
      132.8219451904297,
      134.7775115966797,
      135.2090301513672,
      136.31378173828125,
      134.32704162597656,
      134.9119415283203,
      135.2925567626953,
      137.0471954345703,
      137.86415100097656,
      136.42518615722656,
      135.54324340820312,
      136.86154174804688,
      137.35354614257812,
      134.29920959472656,
      131.89468383789062,
      130.83633422851562,
      128.63607788085938,
      130.25148010253906,
      128.32972717285156,
      128.0048065185547,
      129.2395477294922,
      130.5392608642578,
      131.9132843017578,
      133.13873291015625,
      133.6493377685547,
      134.6055908203125,
      135.2461395263672,
      136.97293090820312,
      136.8893585205078,
      133.65863037109375,
      131.8204345703125,
      135.06976318359375,
      136.7222900390625,
      138.97824096679688,
      140.13870239257812,
      140.41722106933594,
      139.94374084472656,
      140.2965087890625,
      138.09625244140625,
      138.93179321289062,
      139.8323211669922,
      140.5750274658203,
      140.9092559814453,
      137.14930725097656,
      138.07769775390625,
      140.3708038330078,
      139.95303344726562,
      140.07371520996094,
      140.11087036132812,
      139.7023468017578,
      139.6745147705078,
      140.00872802734375,
      139.75804138183594,
      137.8827362060547,
      137.4464111328125,
      138.16128540039062,
      142.1068572998047,
      142.94239807128906,
      142.42251586914062,
      146.42384338378906,
      145.5418701171875,
      145.69039916992188,
      145.29119873046875,
      144.1678466796875,
      147.35220336914062,
      150.2115936279297,
      149.8588104248047,
      150.76853942871097,
      149.6806182861328,
      151.30310058593753,
      151.58445739746094,
      152.26910400390625,
      150.3933868408203,
      152.4285430908203,
      152.03463745117188,
      151.8657989501953,
      152.12840270996094,
      151.85643005371094,
      148.4801788330078,
      149.4274139404297,
      145.59161376953125,
      147.31724548339844,
      147.24223327636716,
      146.5013427734375,
      145.09457397460938,
      144.30674743652344,
      140.07705688476562,
      138.90475463867188,
      135.12521362304688,
      132.3773193359375,
      133.97166442871094,
      134.08421325683594,
      134.90011596679688,
      135.0314483642578,
      135.05018615722656,
      134.17799377441406,
      135.83798217773438
    ],
    "dates": [
      "403",
      "404",
      "405",
      "406",
      "407",
      "408",
      "409",
      "410",
      "411",
      "412",
      "413",
      "414",
      "415",
      "416",
      "417",
      "418",
      "419",
      "420",
      "421",
      "422",
      "423",
      "424",
      "425",
      "426",
      "427",
      "428",
      "429",
      "430",
      "431",
      "432",
      "433",
      "434",
      "435",
      "436",
      "437",
      "438",
      "439",
      "440",
      "441",
      "442",
      "443",
      "444",
      "445",
      "446",
      "447",
      "448",
      "449",
      "450",
      "451",
      "452",
      "453",
      "454",
      "455",
      "456",
      "457",
      "458",
      "459",
      "460",
      "461",
      "462",
      "463",
      "464",
      "465",
      "466",
      "467",
      "468",
      "469",
      "470",
      "471",
      "472",
      "473",
      "474",
      "475",
      "476",
      "477",
      "478",
      "479",
      "480",
      "481",
      "482",
      "483",
      "484",
      "485",
      "486",
      "487",
      "488",
      "489",
      "490",
      "491",
      "492",
      "493",
      "494",
      "495",
      "496",
      "497",
      "498",
      "499",
      "500",
      "501"
    ]
  },
  "quantum": {
    "RMSE": 3.120289,
    "MAE": 2.443595,
    "MAPE": 1.754945,
    "train_time": 0.1743,
    "n_params": 98,