{
  "ticker": "JNJ",
  "params": {
    "n_qubits": 6,
    "depth": 2,
    "window_size": 10,
    "n_reservoir": 140,
    "spectral_radius": 0.9,
    "ridge_alpha": 1.0,
    "seed": 42
  },
  "classic": {
    "RMSE": 1.215974,
    "MAE": 0.968042,
    "MAPE": 0.644547,
    "train_time": 0.0956,
    "n_params": 19322,
    "predictions": [
      151.1260331091847,
      150.806420712414,
      149.77076059278846,
      149.41998222489474,
      150.0184899824896,
      150.4151071687653,
      150.66788881704275,
      151.1296511781566,
      152.3328899751691,
      153.10119439974582,
      154.85126245354923,
      155.19803732452164,
      154.89846520700473,
      155.76062756094365,
      155.8493160597196,
      157.24916013883362,
      157.97988472876978,
      158.32875116245125,
      156.55748329002472,
      156.0121500632183,
      157.80378610882576,
      157.91859450599006,
      156.16569695118864,
      156.24688540987282,
      156.83298623081552,
      157.518877245914,
      157.61455648182243,
      157.31386809616887,
      156.4773114042175,
      155.44688284700092,
      154.87509154212418,
      154.5671428309679,
      152.83508986211598,
      153.4027804720788,
      153.0476906464791,
      153.53798262581503,
      153.60238497436785,
      152.90438805289142,
      152.6069592747656,
      152.16923993215866,
      151.82282136576993,
      151.83405103282752,
      152.65903521921612,
      152.44379990466885,
      153.3175506618881,
      153.4121742454448,
      155.82055813261942,
      155.7677687338297,
      156.0706371526339,
      156.74327130310382,
      154.6510978717374,
      155.5078145251322,
      156.86190338356252,
      155.3105396916581,
      153.13164072432753,
      153.66015914063092,
      152.37351540115856,
      152.47531856489857,
      151.82809616084523,
      152.38436929170905,
      150.23720141655312,
      150.29056227227764,
      150.28062421428237,
      148.95369490103212,
      148.08071433997415,
      147.46469535497505,
      145.33378185924863,
      145.80904475853706,
      144.46077462039017,
      146.49534737984587,
      146.98054440951674,
      145.2470461732346,
      145.68531226843686,
      147.89933917150586,
      147.9370947880601,
      148.237283355522,
      148.25270254584183,
      149.3184087282771,
      148.73744509504266,
      148.570428415411,
      146.30719828021967,
      144.44035930531282,
      143.61507288705815,
      143.2518775461382,
      143.52956506825657,
      142.88994814075295,
      140.35215706630373,
      140.0069150931846,
      140.6213549463562,
      138.04504839954166,
      140.8611309435701,
      138.67834131440054,
      137.89080930188706,
      138.6527753451326,
      139.7183610091536,
      140.35387514219636,
      139.59328271576265,
      139.535114868117,
      137.60063240808205
    ],
    "actual": [
      151.0607452392578,
      149.65292358398438,
      149.73797607421875,
      150.31431579589844,
      150.59776306152344,
      150.82455444335938,
      151.32530212402344,
      152.52523803710938,
      153.39451599121094,
      155.07632446289062,
      155.5298309326172,
      155.12997436523438,
      156.05343627929688,
      156.34857177734375,
      157.9003448486328,
      159.13795471191406,
      159.328369140625,
      157.07208251953125,
      156.4913787841797,
      158.61431884765625,
      159.347412109375,
      156.91024780273438,
      156.7388916015625,
      157.57666015625,
      158.97613525390625,
      159.05226135253906,
      158.17640686035156,
      156.91024780273438,
      156.2819366455078,
      155.38705444335938,
      154.9681396484375,
      152.89276123046875,
      153.6448516845703,
      153.6543731689453,
      154.28271484375,
      154.216064453125,
      153.4354248046875,
      152.79757690429688,
      152.59765625,
      151.87411499023438,
      152.02642822265625,
      152.9403839111328,
      152.80711364746094,
      153.71151733398438,
      153.8447723388672,
      156.2248077392578,
      156.3961639404297,
      156.57705688476562,
      157.1958465576172,
      155.01576232910156,
      155.60597229003906,
      157.9003448486328,
      155.8154296875,
      153.15931701660156,
      153.8447723388672,
      152.4072265625,
      152.90231323242188,
      152.1882781982422,
      152.44532775878906,
      150.64601135253906,
      150.75076293945312,
      150.30331420898438,
      149.20849609375,
      148.0089569091797,
      147.59957885742188,
      145.3147735595703,
      145.88597106933594,
      144.58172607421875,
      146.60952758789062,
      147.34255981445312,
      145.65748596191406,
      145.76220703125,
      148.03749084472656,
      147.72335815429688,
      148.3040771484375,
      148.2848663330078,
      149.12937927246094,
      148.75509643554688,
      148.5535888671875,
      146.21205139160156,
      144.3983154296875,
      143.4866485595703,
      143.2851104736328,
      143.5634307861328,
      143.2083282470703,
      140.7228546142578,
      140.33900451660156,
      140.7036590576172,
      138.04544067382812,
      140.5021514892578,
      138.90911865234375,
      137.78634643554688,
      138.6404266357422,
      139.4081268310547,
      139.96473693847656,
      139.70562744140625,
      139.19703674316406,
      137.55601501464844,
      138.78436279296875
    ],
    "dates": [
      "403",
      "404",
      "405",
      "406",
      "407",
      "408",
      "409",
      "410",
      "411",
      "412",
      "413",
      "414",
      "415",
      "416",
      "417",
      "418",
      "419",
      "420",
      "421",
      "422",
      "423",
      "424",
      "425",
      "426",
      "427",
      "428",
      "429",
      "430",
      "431",
      "432",
      "433",
      "434",
      "435",
      "436",
      "437",
      "438",
      "439",
      "440",
      "441",
      "442",
      "443",
      "444",
      "445",
      "446",
      "447",
      "448",
      "449",
      "450",
      "451",
      "452",
      "453",
      "454",
      "455",
      "456",
      "457",
      "458",
      "459",
      "460",
      "461",
      "462",
      "463",
      "464",
      "465",
      "466",
      "467",
      "468",
      "469",
      "470",
      "471",
      "472",
      "473",
      "474",
      "475",
      "476",
      "477",
      "478",
      "479",
      "480",
      "481",
      "482",
      "483",
      "484",
      "485",
      "486",
      "487",
      "488",
      "489",
      "490",
      "491",
      "492",
      "493",
      "494",
      "495",
      "496",
      "497",
      "498",
      "499",
      "500",
      "501"
    ]
  },
  "quantum": {
    "RMSE": 2.361561,
    "MAE": 1.920276,
    "MAPE": 1.272035,
    "train_time": 0.1897,
    "n_params": 98,