{
  "ticker": "JPM",
  "params": {
    "n_qubits": 4,
    "depth": 2,
    "window_size": 5,
    "n_reservoir": 100,
    "spectral_radius": 0.9,
    "ridge_alpha": 1.0,
    "seed": 42
  },
  "classic": {
    "RMSE": 8.904957,
    "MAE": 7.153105,
    "MAPE": 3.15006,
    "train_time": 0.1423,
    "n_params": 9702,
    "predictions": [
      195.7440076428074,
      197.2188187118087,
      197.80409955881484,
      198.87582543848384,
      200.78354917292714,
      201.95729027736553,
      203.58176228132783,
      204.82271115115628,
      204.31051752332465,
      204.11581238368726,
      205.55223082964537,
      206.9875909280497,
      207.59189407942125,
      208.17734775107925,
      208.9706699008667,
      209.64731302155087,
      211.29876367583188,
      208.74727991435145,
      207.3520309775599,
      206.4378696535265,
      203.16899343342988,
      205.22339783062432,
      198.8991337965753,
      198.0702573679512,
      198.2783973892913,
      196.97685480567904,
      198.61763100756457,
      200.31511536973912,
      199.1921091449845,
      200.65640286607507,
      201.71322029603235,
      201.94630007020749,
      201.92334354944475,
      201.09144056383926,
      200.6141818604464,
      201.1245479819178,
      201.53704118444816,
      198.96518067723244,
      198.49178330068014,
      197.38080715061628,
      202.03727848426163,
      202.92323118960934,
      202.35460707192505,
      203.86314264557484,
      204.15595453310553,
      210.0276981826162,
      210.7187526323996,
      210.54296603364097,
      211.24100861553433,
      212.11984447651363,
      212.65598635566775,
      211.23517711736537,
      211.55573755180558,
      211.44791875128362,
      212.323439867613,
      210.84354185882282,
      212.38946046011623,
      211.34885557990629,
      211.79886352424592,
      210.51004783794448,
      210.85016499335504,
      209.10968761011296,
      209.78352494100972,
      225.7250240381054,
      221.9634635880386,
      218.54404861002698,
      220.35507890206722,
      221.5701829928459,
      222.1508668987846,
      222.62755751419851,
      224.48823412749522,
      224.54886621152968,
      223.07867940969498,
      221.52679424026522,
      223.74807722039301,
      226.55212422771416,
      227.48652979378093,
      226.89485636893446,
      226.5035683545995,
      226.4646402881637,
      224.63210440858916,
      223.52528831532172,
      222.96580968081008,
      224.22691712456233,
      225.64423482555003,
      223.68661996675678,
      222.5271539755518,
      223.13020700645805,
      222.32211803753967,
      221.1515626735396,
      220.9481073260904,
      220.44993219004712,
      215.80027472785164,
      216.46060287875014,
      220.23954367617876,
      221.20795420789017,
      222.87503469628084,
      223.56504790438694,
      222.1848976033094,
      220.74672236683315
    ],
    "actual": [
      198.3914794921875,
      198.76744079589844,
      200.45443725585938,
      202.67164611816406,
      203.93446350097656,
      206.26736450195312,
      207.69406127929688,
      206.7975616455078,
      206.8746795654297,
      208.83160400390625,
      210.45114135742188,
      211.28018188476562,
      212.25379943847656,
      213.3238525390625,
      214.2107391357422,
      216.70750427246094,
      212.36947631835938,
      211.43441772460938,
      209.79562377929688,
      204.8117218017578,
      209.005126953125,
      198.1601104736328,
      199.77000427246094,
      199.1626739501953,
      196.96475219726562,
      200.37730407714844,
      201.71728515625,
      200.05917358398438,
      202.9029998779297,
      203.49102783203125,
      203.8284454345703,
      203.97303771972656,
      202.62342834472656,
      202.2281951904297,
      202.92227172851562,
      203.26931762695312,
      199.58680725097656,
      199.82781982421875,
      197.8419952392578,
      204.8641357421875,
      204.5828399658203,
      204.4082794189453,
      206.9979248046875,
      206.43539428710938,
      215.60101318359375,
      214.81539916992188,
      215.69801330566406,
      216.91038513183594,
      217.66693115234375,
      218.5883331298828,
      216.28965759277344,
      217.3759307861328,
      216.68731689453125,
      218.21006774902344,
      215.62042236328125,
      218.7144317626953,
      216.19264221191406,
      217.65724182128906,
      215.2421417236328,
      216.23146057128906,
      213.16653442382812,
      214.82508850097656,
      239.6256561279297,
      229.26702880859375,
      229.84896850585938,
      232.08946228027344,
      232.35133361816406,
      233.90318298339844,
      234.59181213378906,
      237.92832946777344,
      237.65673828125,
      235.7751007080078,
      233.5346221923828,
      237.39486694335938,
      241.07081604003906,
      242.75845336914062,
      242.44808959960938,
      242.2735137939453,
      242.20562744140625,
      238.84002685546875,
      237.4530487060547,
      236.07579040527344,
      238.09320068359375,
      239.91664123535156,
      236.47344970703125,
      235.55203247070312,
      236.20188903808594,
      234.2620391845703,
      232.7198944091797,
      232.37074279785156,
      231.18743896484375,
      223.43788146972656,
      225.94993591308594,
      230.45033264160156,
      231.21653747558594,
      235.01858520507812,
      235.82362365722656,
      233.9128875732422,
      232.11856079101562,
      232.496826171875
    ],
    "dates": [
      "402",
      "403",
      "404",
      "405",
      "406",
      "407",
      "408",
      "409",
      "410",
      "411",
      "412",
      "413",
      "414",
      "415",
      "416",
      "417",
      "418",
      "419",
      "420",
      "421",
      "422",
      "423",
      "424",
      "425",
      "426",
      "427",
      "428",
      "429",
      "430",
      "431",
      "432",
      "433",
      "434",
      "435",
      "436",
      "437",
      "438",
      "439",
      "440",
      "441",
      "442",
      "443",
      "444",
      "445",
      "446",
      "447",
      "448",
      "449",
      "450",
      "451",
      "452",
      "453",
      "454",
      "455",
      "456",
      "457",
      "458",
      "459",
      "460",
      "461",
      "462",
      "463",
      "464",
      "465",
      "466",
      "467",
      "468",
      "469",
      "470",
      "471",
      "472",
      "473",
      "474",
      "475",
      "476",
      "477",
      "478",
      "479",
      "480",
      "481",
      "482",
      "483",
      "484",
      "485",
      "486",
      "487",
      "488",
      "489",
      "490",
      "491",
      "492",
      "493",
      "494",
      "495",
      "496",
      "497",
      "498",
      "499",
      "500",
      "501"
    ]
  },
  "quantum": {
    "RMSE": 4.834813,
    "MAE": 3.621583,
    "MAPE": 1.655339,
    "train_time": 0.37,
    "n_params": 46,