{
  "ticker": "MSFT",
  "params": {
    "n_qubits": 6,
    "depth": 3,
    "window_size": 10,
    "n_reservoir": 130,
    "spectral_radius": 0.9,
    "ridge_alpha": 1.0,
    "seed": 42
  },
  "classic": {
    "RMSE": 5.295935,
    "MAE": 3.96343,
    "MAPE": 0.947893,
    "train_time": 0.0214,
    "n_params": 16772,
    "predictions": [
      398.21325774165825,
      400.154401218947,
      406.42042126448604,
      409.1215335412149,
      413.89021831789114,
      413.7916078509253,
      416.1809464340683,
      418.70557375125026,
      418.919504249614,
      412.7462257351928,
      413.0381344330286,
      409.61495354207415,
      409.6832570710345,
      406.1444131481241,
      408.04119410582706,
      410.6770103513319,
      405.77852191466724,
      404.6357356074594,
      404.06534873173854,
      399.1842637517628,
      401.1661999717237,
      406.6522979134478,
      414.7917340185123,
      419.1579236458452,
      422.4864345799495,
      424.5164040753602,
      427.7217318460124,
      424.7922615816572,
      430.90309404465654,
      428.86996353664546,
      428.2667358673494,
      424.00174563978896,
      425.55392646715626,
      424.4798674443002,
      422.5290093159843,
      422.99651633447087,
      417.04100044973643,
      413.1831672724098,
      411.24869439671545,
      410.58243050135115,
      406.01822592361987,
      408.4324796195342,
      410.22865215356165,
      410.55764285700263,
      410.2320786901684,
      412.8944200429744,
      413.4102494405038,
      411.73360121255104,
      411.5456911578625,
      413.1290954378189,
      413.537828293815,
      419.47821993734885,
      418.5418032091526,
      419.49956856467077,
      421.2246676503562,
      420.7761496711214,
      424.72508965003874,
      425.3755075739439,
      407.79933254957433,
      408.086725564417,
      403.508838631601,
      406.3600615603025,
      411.4855658859932,
      416.2571017958265,
      416.4897394188317,
      413.50459652352674,
      415.32631275096827,
      419.1216829592609,
      420.55585423721226,
      412.57193505444883,
      412.49682055427445,
      412.32882108790415,
      410.6921011708419,
      408.86791391762677,
      411.8691168469324,
      413.3250028841329,
      420.3240893622082,
      417.2439001332426,
      419.2291974501629,
      423.88308471028995,
      424.9494988728576,
      429.8452808842681,
      434.1179028140659,
      435.92723130455926,
      438.25762351985327,
      436.0584037854362,
      440.24675714346427,
      441.01206629803454,
      439.7931628603347,
      442.3957214155929,
      444.30643311729824,
      433.6198140153519,
      431.7502621398313,
      429.2757254601164,
      429.034656013393,
      430.5342300473757,
      429.7696666203055,
      425.5451182662797,
      420.6602027694051
    ],
    "actual": [
      400.51556396484375,
      407.6042175292969,
      410.4101257324219,
      415.2627258300781,
      412.7377624511719,
      415.755859375,
      418.9810485839844,
      418.3301086425781,
      409.8577575683594,
      411.08074951171875,
      407.82598876953125,
      408.1711730957031,
      404.9756164550781,
      407.4610290527344,
      411.4259948730469,
      403.83148193359375,
      403.2988586425781,
      402.7958679199219,
      396.1974792480469,
      400.1624450683594,
      408.5262451171875,
      417.2451171875,
      421.1509094238281,
      424.6917419433594,
      425.4314880371094,
      429.18927001953125,
      424.90875244140625,
      432.6808166503906,
      429.3076171875,
      427.5717468261719,
      423.29119873046875,
      426.19091796875,
      425.4018859863281,
      422.1569519042969,
      424.40570068359375,
      414.9273681640625,
      411.4161071777344,
      410.8342590332031,
      410.3608093261719,
      403.93011474609375,
      409.0292663574219,
      411.7416076660156,
      410.1437683105469,
      410.6172180175781,
      413.3985900878906,
      413.0040283203125,
      410.4199523925781,
      411.01171875,
      412.4320068359375,
      413.04351806640625,
      421.6539611816406,
      418.7837829589844,
      418.9120178222656,
      422.28509521484375,
      420.74652099609375,
      426.0331115722656,
      426.6051940917969,
      400.7838134765625,
      404.7487487792969,
      402.8648986816406,
      405.82379150390625,
      414.42431640625,
      419.6024169921875,
      416.75201416015625,
      412.2840881347656,
      417.2353210449219,
      419.3755798339844,
      421.04241943359375,
      409.3152770996094,
      410.06488037109375,
      412.0671081542969,
      409.798583984375,
      408.0295715332031,
      412.1111755371094,
      413.88018798828125,
      422.9723205566406,
      418.0309143066406,
      418.4953918457031,
      425.92724609375,
      426.1446838378906,
      432.291748046875,
      437.4307556152344,
      438.3696594238281,
      440.7909240722656,
      438.1324462890625,
      443.7261657714844,
      444.2894287109375,
      442.0262451171875,
      446.2956237792969,
      449.1319580078125,
      432.2621154785156,
      431.9063415527344,
      431.48138427734375,
      430.1471862792969,
      434.1793518066406,
      432.9736328125,
      425.48248291015625,
      419.8493347167969,
      416.5584411621094
    ],
    "dates": [
      "403",
      "404",
      "405",
      "406",
      "407",
      "408",
      "409",
      "410",
      "411",
      "412",
      "413",
      "414",
      "415",
      "416",
      "417",
      "418",
      "419",
      "420",
      "421",
      "422",
      "423",
      "424",
      "425",
      "426",
      "427",
      "428",
      "429",
      "430",
      "431",
      "432",
      "433",
      "434",
      "435",
      "436",
      "437",
      "438",
      "439",
      "440",
      "441",
      "442",
      "443",
      "444",
      "445",
      "446",
      "447",
      "448",
      "449",
      "450",
      "451",
      "452",
      "453",
      "454",
      "455",
      "456",
      "457",
      "458",
      "459",
      "460",
      "461",
      "462",
      "463",
      "464",
      "465",
      "466",
      "467",
      "468",
      "469",
      "470",
      "471",
      "472",
      "473",
      "474",
      "475",
      "476",
      "477",
      "478",
      "479",
      "480",
      "481",
      "482",
      "483",
      "484",
      "485",
      "486",
      "487",
      "488",
      "489",
      "490",
      "491",
      "492",
      "493",
      "494",
      "495",
      "496",
      "497",
      "498",
      "499",
      "500",
      "501"
    ]
  },
  "quantum": {
    "RMSE": 9.129413,
    "MAE": 7.54244,
    "MAPE": 1.790237,
    "train_time": 0.2197,
    "n_params": 110,