{
  "ticker": "PG",
  "params": {
    "n_qubits": 6,
    "depth": 3,
    "window_size": 10,
    "n_reservoir": 130,
    "spectral_radius": 0.9,
    "ridge_alpha": 1.0,
    "seed": 42
  },
  "classic": {
    "RMSE": 1.941029,
    "MAE": 1.481373,
    "MAPE": 0.897076,
    "train_time": 0.0191,
    "n_params": 16772,
    "predictions": [
      161.55268170997152,
      159.0066787306229,
      159.26436544234258,
      160.4483304720721,
      160.14151931243038,
      159.94619852408115,
      160.5940152071207,
      161.95268935689973,
      161.730886439897,
      161.8111222656198,
      161.024476337335,
      161.7967301264531,
      161.0521639146189,
      160.9146534326453,
      161.58719417978486,
      162.75814193807673,
      164.7222495197475,
      165.77406920413662,
      165.51995125167687,
      165.40622042283024,
      165.73995369824647,
      166.64765126339762,
      164.343872313275,
      164.12684680591184,
      164.58212512298877,
      166.7016938591752,
      165.87065546074032,
      164.89903580566772,
      163.23985009522306,
      164.76866747087655,
      164.51627884052624,
      164.19231147054757,
      163.5821899613296,
      164.2565864468225,
      164.36722881364497,
      164.1947172080791,
      164.06007219340574,
      163.28942232388323,
      162.09858547741842,
      161.14744691993704,
      159.9176223339316,
      160.40866592503204,
      161.23064865974894,
      161.12944492085023,
      162.49879570546824,
      163.62816126108368,
      164.2341877530061,
      163.3121257645476,
      163.2827605559366,
      163.098364318361,
      162.00160893971136,
      162.0878201710591,
      162.15389392165787,
      162.25741748659917,
      161.30276227720668,
      162.1044542941122,
      160.6244788208275,
      159.78137222427452,
      158.98650335828486,
      158.8907782504157,
      158.6851039604535,
      159.2351315513559,
      155.88457889773323,
      157.22751828068894,
      160.44541197680653,
      159.3623499033605,
      158.91642962782112,
      159.86269994572746,
      160.09404611130026,
      161.4078391062958,
      162.72379169067315,
      162.62208443189803,
      162.7023167921969,
      164.21363834805518,
      166.34133765052678,
      167.07338118043077,
      168.32555893019958,
      168.36393674642935,
      168.2589605339998,
      168.36139775953094,
      166.071860279043,
      165.73608873276444,
      166.49538702058382,
      165.49517545150928,
      163.40920074335045,
      164.43603599113644,
      163.4197452143261,
      163.3105504713454,
      163.53044012013268,
      163.66892388658917,
      162.88728457815853,
      162.17811400791504,
      162.09069724487193,
      161.1814589148256,
      161.19946710174753,
      161.7064972952086,
      162.63579773619642,
      162.19199681782447,
      160.56577284346275
    ],
    "actual": [
      159.22830200195312,
      159.6865234375,
      161.12786865234375,
      160.28787231445312,
      160.2592315673828,
      160.76515197753906,
      162.6647186279297,
      162.4260711669922,
      162.41653442382812,
      161.48104858398438,
      162.607421875,
      161.5574493408203,
      161.37606811523438,
      162.30198669433594,
      163.7433624267578,
      166.58792114257812,
      167.90518188476562,
      167.49473571777344,
      167.60928344726562,
      168.05792236328125,
      169.70928955078125,
      166.01519775390625,
      165.58563232421875,
      166.1678924560547,
      169.1842803955078,
      167.8861083984375,
      166.01519775390625,
      163.7433624267578,
      166.30154418945312,
      165.8719940185547,
      165.3660888671875,
      164.43060302734375,
      165.3374481201172,
      165.66200256347656,
      165.32791137695312,
      165.1751708984375,
      164.10606384277344,
      162.38787841796875,
      161.20425415039062,
      159.52423095703125,
      160.51698303222656,
      161.5765380859375,
      161.27105712890625,
      163.3137969970703,
      164.6692657470703,
      165.68109130859375,
      164.54518127441406,
      164.44969177246094,
      164.45643615722656,
      162.78573608398438,
      162.93939208984375,
      162.8241729736328,
      162.86257934570312,
      161.5183563232422,
      162.55532836914062,
      160.51016235351562,
      159.54043579101562,
      158.5994415283203,
      158.52264404296875,
      158.50344848632812,
      159.15635681152344,
      154.6339874267578,
      156.8999786376953,
      161.0286865234375,
      159.41558837890625,
      159.233154296875,
      159.9436798095703,
      160.42376708984375,
      162.78573608398438,
      163.9475555419922,
      163.95713806152344,
      164.08197021484375,
      165.8678741455078,
      169.2572479248047,
      170.32301330566406,
      172.16653442382812,
      172.21453857421875,
      172.11851501464844,
      172.54098510742188,
      168.43150329589844,
      168.1338653564453,
      169.0172119140625,
      166.895263671875,
      163.98594665527344,
      165.4165802001953,
      163.83233642578125,
      164.0435791015625,
      164.24517822265625,
      164.32199096679688,
      163.54428100585938,
      162.3440704345703,
      162.44970703125,
      161.36473083496094,
      161.41273498535156,
      162.2096710205078,
      163.3810577392578,
      162.77615356445312,
      160.433349609375,
      160.97105407714844
    ],
    "dates": [
      "403",
      "404",
      "405",
      "406",
      "407",
      "408",
      "409",
      "410",
      "411",
      "412",
      "413",
      "414",
      "415",
      "416",
      "417",
      "418",
      "419",
      "420",
      "421",
      "422",
      "423",
      "424",
      "425",
      "426",
      "427",
      "428",
      "429",
      "430",
      "431",
      "432",
      "433",
      "434",
      "435",
      "436",
      "437",
      "438",
      "439",
      "440",
      "441",
      "442",
      "443",
      "444",
      "445",
      "446",
      "447",
      "448",
      "449",
      "450",
      "451",
      "452",
      "453",
      "454",
      "455",
      "456",
      "457",
      "458",
      "459",
      "460",
      "461",
      "462",
      "463",
      "464",
      "465",
      "466",
      "467",
      "468",
      "469",
      "470",
      "471",
      "472",
      "473",
      "474",
      "475",
      "476",
      "477",
      "478",
      "479",
      "480",
      "481",
      "482",
      "483",
      "484",
      "485",
      "486",
      "487",
      "488",
      "489",
      "490",
      "491",
      "492",
      "493",
      "494",
      "495",
      "496",
      "497",
      "498",
      "499",
      "500",
      "501"
    ]
  },
  "quantum": {
    "RMSE": 2.879433,
    "MAE": 2.143411,
    "MAPE": 1.299324,
    "train_time": 0.2007,
    "n_params": 110,