{
  "ticker": "UNH",
  "params": {
    "n_qubits": 6,
    "depth": 2,
    "window_size": 10,
    "n_reservoir": 140,
    "spectral_radius": 0.9,
    "ridge_alpha": 1.0,
    "seed": 42
  },
  "classic": {
    "RMSE": 11.951569,
    "MAE": 9.757861,
    "MAPE": 1.766746,
    "train_time": 0.0375,
    "n_params": 19322,
    "predictions": [
      529.0249060117384,
      536.7609368471806,
      542.1359455701983,
      548.4913500752866,
      548.4672810370536,
      549.0890017959707,
      549.2727828569933,
      550.606034264863,
      548.0579886645714,
      548.2061534132538,
      552.4794616362494,
      554.4323987549674,
      554.5617915322939,
      555.9089486756087,
      558.238452909398,
      556.9676376801851,
      562.9137579021206,
      567.1222446672905,
      561.2283912239785,
      561.361713217147,
      559.6387231109206,
      561.9806048922834,
      554.9277026700641,
      554.3429528611973,
      557.2348816441721,
      555.8324661953493,
      546.648633472856,
      549.550920510587,
      546.3642410941126,
      544.1890160483272,
      542.845199457372,
      545.3101016060964,
      545.4475588696445,
      545.369049057731,
      550.7600401669066,
      554.0984183935674,
      553.2792432986988,
      560.0658874089909,
      561.2875893964708,
      559.6469929957491,
      553.8580816581306,
      552.170684646563,
      557.5247673507026,
      562.6053578879324,
      562.9474201431597,
      568.9317595889418,
      534.2917194969438,
      541.6872298904282,
      536.675412028804,
      538.441995856328,
      536.8573840705499,
      542.6628576931569,
      533.7633738309734,
      535.2951964527791,
      536.081133000769,
      538.5050455338187,
      535.6070446921653,
      536.5380637648949,
      538.2293334058672,
      540.4780390737614,
      533.144352295786,
      540.2706734453628,
      563.7388425824339,
      571.8380188161498,
      578.6977851775406,
      585.6087953231598,
      578.0046124529013,
      569.766391148391,
      560.4293423306966,
      557.7150257397574,
      553.8688944488371,
      544.63446313216,
      558.9651860263266,
      558.8972708392597,
      554.5734765794757,
      565.9930269624444,
      570.3322911965699,
      569.6771114916969,
      572.0678523500688,
      571.6861845679917,
      567.8168772620393,
      571.1900834611353,
      549.3727481073462,
      526.4408380167995,
      531.8776099010379,
      533.7380943880227,
      509.0046620981116,
      497.3749038103548,
      500.6821031365819,
      483.921441624977,
      473.44422272081897,
      481.99265548442446,
      471.9505516675534,
      480.9228587553517,
      489.73951810283114,
      488.5732212311949,
      491.8938250629168,
      494.8107400933946,
      488.4922750212183
    ],
    "actual": [
      540.3425903320312,
      548.8975830078125,
      554.0878295898438,
      554.030517578125,
      552.1857299804688,
      553.2371826171875,
      555.024658203125,
      552.55859375,
      553.1798095703125,
      558.7142944335938,
      561.2186889648438,
      561.4288940429688,
      562.5664672851562,
      565.4627685546875,
      564.1531982421875,
      572.2589721679688,
      577.5162963867188,
      569.2096557617188,
      570.5384521484375,
      567.8810424804688,
      572.5936279296875,
      563.7230224609375,
      562.4517211914062,
      568.09130859375,
      565.1368408203125,
      554.4124145507812,
      556.9927368164062,
      553.5586547851562,
      551.5729370117188,
      550.0477294921875,
      551.7552490234375,
      552.82958984375,
      551.3906860351562,
      558.143798828125,
      560.8585205078125,
      559.5347290039062,
      568.177734375,
      568.5996704101562,
      567.1129150390625,
      559.7841186523438,
      557.8848876953125,
      567.1320190429688,
      573.3480834960938,
      573.6837768554688,
      580.734375,
      533.625244140625,
      548.0620727539062,
      542.9683837890625,
      546.4025268554688,
      548.1867065429688,
      546.6422729492188,
      541.6350708007812,
      537.9610595703125,
      541.5582885742188,
      542.2105712890625,
      539.2271728515625,
      540.0234375,
      541.5006713867188,
      544.4360961914062,
      535.0449829101562,
      543.9277954101562,
      572.3793334960938,
      580.7823486328125,
      590.72021484375,
      599.7756958007812,
      589.626708984375,
      581.1852416992188,
      568.9834594726562,
      568.1009521484375,
      565.6260986328125,
      553.4915161132812,
      576.033935546875,
      573.1466674804688,
      566.7964477539062,
      581.1469116210938,
      582.0677490234375,
      583.5929565429688,
      585.3388671875,
      583.727294921875,
      580.5711669921875,
      585.90478515625,
      555.381103515625,
      527.22705078125,
      539.8414916992188,
      544.2421875,
      513.7555541992188,
      496.6441345214844,
      501.1891784667969,
      480.02386474609375,
      467.5249328613281,
      481.1986083984375,
      471.11669921875,
      481.5934753417969,
      487.5732727050781,
      487.34216308593756,
      492.20501708984375,
      491.0879821777344,
      488.9791564941406,
      487.11102294921875
    ],
    "dates": [
      "403",
      "404",
      "405",
      "406",
      "407",
      "408",
      "409",
      "410",
      "411",
      "412",
      "413",
      "414",
      "415",
      "416",
      "417",
      "418",
      "419",
      "420",
      "421",
      "422",
      "423",
      "424",
      "425",
      "426",
      "427",
      "428",
      "429",
      "430",
      "431",
      "432",
      "433",
      "434",
      "435",
      "436",
      "437",
      "438",
      "439",
      "440",
      "441",
      "442",
      "443",
      "444",
      "445",
      "446",
      "447",
      "448",
      "449",
      "450",
      "451",
      "452",
      "453",
      "454",
      "455",
      "456",
      "457",
      "458",
      "459",
      "460",
      "461",
      "462",
      "463",
      "464",
      "465",
      "466",
      "467",
      "468",
      "469",
      "470",
      "471",
      "472",
      "473",
      "474",
      "475",
      "476",
      "477",
      "478",
      "479",
      "480",
      "481",
      "482",
      "483",
      "484",
      "485",
      "486",
      "487",
      "488",
      "489",
      "490",
      "491",
      "492",
      "493",
      "494",
      "495",
      "496",
      "497",
      "498",
      "499",
      "500",
      "501"
    ]
  },
  "quantum": {
    "RMSE": 20.781838,
    "MAE": 16.820562,
    "MAPE": 3.057724,
    "train_time": 0.1566,
    "n_params": 98,